Nama,preprocessing_embedding
,"[0.0, 0.0, 0.6400514841079712, 0.7748021483421326, 1.4913877248764038, 0.0, 0.0, 0.23656035959720612, 0.0, 0.4601522982120514, 0.5922163128852844, 0.3410986363887787, 1.084125280380249, 0.0, 0.04542439430952072, 0.001430797390639782, 0.0, 0.0, 0.6217315196990967, 0.0, 1.1776522397994995, 1.5066107511520386, 0.0, 0.0, 0.005798540078103542, 0.0, 0.0, 0.000207499586394988, 0.4147558808326721, 0.16599325835704803, 0.9974350333213806, 0.0, 0.0, 0.0, 0.0, 0.0, 0.0, 1.0707402229309082, 0.9159338474273682, 0.0, 0.0, 0.20666834712028503, 0.8797726035118103, 0.4542011320590973, 0.0, 0.13104361295700073, 0.575931966304779, 0.0, 0.0, 0.0, 1.8361902236938477, 2.324071168899536, 0.15047243237495422, 0.31100359559059143, 0.0, 0.0, 0.1769709289073944, 0.0, 1.1092443466186523, 0.24145585298538208, 0.0, 1.4987146854400635, 1.5414271354675293, 0.0, 0.877036452293396, 1.8295232057571411, 1.0702483654022217, 1.3349382877349854, 0.0005755466409027576, 0.3800475001335144, 0.0, 0.691123366355896, 0.0, 0.12189563363790512, 0.6082985401153564, 0.0, 0.544235110282898, 1.2034837007522583, 0.4603344798088074, 0.5084284543991089, 0.0, 0.1432754099369049, 0.0, 0.0, 0.0, 0.5518807768821716, 0.20415054261684418, 0.0, 0.8298521041870117, 0.0, 0.3054492175579071, 1.0396536588668823, 0.0, 0.0, 0.4759416878223419, 0.00036654973519034684, 0.0, 0.4308539628982544, 0.3651825189590454, 0.016871415078639984, 0.0, 0.181783065199852, 0.0, 1.592842936515808, 0.0, 0.0, 0.3524620532989502, 0.2869793772697449, 0.02904600091278553, 1.033721685409546, 0.580645740032196, 0.0, 1.2499727010726929, 0.5948683023452759, 0.0, 0.0, 0.0, 1.4765743017196655, 1.3933511972427368, 0.21087099611759186, 0.4452928900718689, 0.908639669418335, 0.0, 0.0, 0.0, 0.0, 0.4219051003456116, 0.6177067160606384, 0.0, 0.27712225914001465, 1.1445255279541016, 0.03773492947220802, 1.1120332479476929, 0.0, 0.7562121152877808, 1.494718313217163, 0.1622568666934967, 0.0, 0.0, 0.016983160749077797, 0.0, 0.0, 0.0, 0.891778290271759, 0.30994993448257446, 0.0, 1.1600228548049927, 0.0, 0.0, 0.013081290759146214, 1.042920708656311, 0.5189332962036133, 0.0, 0.0, 0.5392257571220398, 1.4177789688110352, 2.4371848106384277, 0.40713030099868774, 0.0, 0.5903042554855347, 0.44676005840301514, 0.11609446257352829, 0.0, 0.0, 0.0, 0.63669753074646, 0.0, 0.0, 1.4939312934875488, 0.01568257063627243, 0.0, 0.00011941621778532863, 0.8116528987884521, 0.0, 1.9295579195022583, 0.07634337246417999, 0.10432840138673782, 1.1413062810897827, 0.1948806345462799, 0.0, 0.0, 0.0, 0.9661313891410828, 0.17065800726413727, 0.0, 0.0, 0.1855241060256958, 1.9308589696884155, 1.650409460067749, 0.5718377232551575, 0.0, 1.0245558023452759, 0.1397126019001007, 1.097774624824524, 0.0, 0.049087125808000565, 0.535683810710907, 1.3310956954956055, 0.21895086765289307, 0.9314935207366943, 0.0, 0.8727447390556335, 0.0, 0.00045563202002085745, 0.001629627076908946, 0.5467599630355835, 0.0, 0.0, 0.8033668398857117, 1.9596303701400757, 0.0, 0.0016179537633433938, 0.0, 0.0, 0.0, 0.0, 0.0, 1.2250968217849731, 0.0, 0.0008091372437775135, 0.4438525438308716, 1.3307886123657227, 0.0, 0.0, 0.6679251790046692, 0.0, 0.3446443974971771, 0.34416696429252625, 0.0, 0.0, 0.0, 0.0, 0.0, 0.0, 1.4805041551589966, 0.0, 0.29586073756217957, 0.0, 1.1731913089752197, 0.5162878036499023, 0.4117414951324463, 0.0, 0.0009084871271625161, 0.0008621347369626164, 0.7234595417976379, 0.0, 0.010965495370328426, 0.0, 0.0, 0.0, 0.0, 0.31234487891197205, 0.3301561772823334, 0.0, 0.7585227489471436, 0.08928888291120529]"
,"[0.0, 0.0, 0.7506171464920044, 0.7677000761032104, 1.54715096950531, 0.0, 0.0, 0.2932407855987549, 0.0, 0.3451002836227417, 0.6106837391853333, 0.2861601412296295, 1.1790008544921875, 0.0, 0.17798924446105957, 0.00306915445253253, 0.0, 0.0, 0.5804432034492493, 0.0, 1.0894246101379395, 1.5272629261016846, 0.0, 0.0, 0.007178771309554577, 0.0, 0.0, 0.000699277559760958, 0.44191715121269226, 0.15775680541992188, 0.6813912391662598, 0.0, 0.0, 0.010883663780987263, 0.0, 0.0, 0.0, 0.8732151389122009, 0.8811519145965576, 0.0, 0.0, 0.15473294258117676, 0.7657407522201538, 0.46757155656814575, 0.0, 0.14376254379749298, 0.5029680132865906, 0.0016974846366792917, 0.0, 0.0, 1.7189691066741943, 2.2215685844421387, 0.1422490030527115, 0.29451075196266174, 0.0, 0.0, 0.06614912301301956, 0.0, 1.1134368181228638, 0.2909886837005615, 0.0, 1.2626802921295166, 1.456045389175415, 0.0, 0.7484614253044128, 1.779913306236267, 1.0340434312820435, 1.3891617059707642, 0.0, 0.2328983098268509, 0.0, 0.6138785481452942, 0.0, 0.07185901701450348, 0.4969155490398407, 0.0, 0.4328078627586365, 1.240041971206665, 0.5239259600639343, 0.5649613738059998, 0.0, 0.17384298145771027, 0.0009043743484653533, 0.0, 0.0008249342208728194, 0.5371253490447998, 0.27299681305885315, 0.0, 0.6310910582542419, 0.0, 0.22833457589149475, 1.1186693906784058, 0.001775630284100771, 0.0, 0.43824559450149536, 0.0007438859320245683, 0.0, 0.48330241441726685, 0.41967278718948364, 0.10942646116018295, 0.0, 0.15852846205234528, 7.398480647680117e-06, 1.5657000541687012, 0.0, 0.0, 0.42284095287323, 0.2228754609823227, 0.10982243716716766, 0.9341407418251038, 0.650043785572052, 0.0, 1.4064767360687256, 0.5488231182098389, 0.0, 0.00453224265947938, 0.0, 1.4062976837158203, 1.582146167755127, 0.11219596862792969, 0.4676297903060913, 0.8490526676177979, 0.0, 0.0, 0.0, 0.0, 0.47377222776412964, 0.5218972563743591, 0.0, 0.3580021560192108, 1.2987160682678223, 0.05710417404770851, 0.9989795684814453, 0.0, 0.7613422870635986, 1.560357928276062, 0.14893345534801483, 0.0, 0.0, 0.12673009932041168, 0.0, 0.0, 0.0, 0.6521056294441223, 0.3462302088737488, 0.0, 0.9229364991188049, 0.0, 0.0, 0.020745981484651566, 0.900460422039032, 0.5101038217544556, 0.0, 0.0, 0.6214821338653564, 1.4672271013259888, 2.509546995162964, 0.6434652805328369, 0.0, 0.6050975918769836, 0.4571417272090912, 0.18741723895072937, 0.0, 0.0, 0.0, 0.6611201167106628, 4.0682654798729345e-05, 0.0, 1.3451659679412842, 0.014024331234395504, 0.0, 0.008209138177335262, 0.9459136724472046, 0.0, 2.0111207962036133, 0.03899683430790901, 0.047740112990140915, 1.0522174835205078, 0.10766761749982834, 0.000441819429397583, 0.0, 0.0, 0.9076866507530212, 0.10891259461641312, 0.0, 0.0038024091627448797, 0.08196074515581131, 1.828538417816162, 1.5801105499267578, 0.5983590483665466, 0.008068797178566456, 1.010404109954834, 0.1737985908985138, 1.0435642004013062, 0.0, 0.20923954248428345, 0.4087766110897064, 1.452675461769104, 0.1884440779685974, 0.8693058490753174, 0.0, 1.1256157159805298, 0.0, 5.278785920381779e-06, 0.009908001869916916, 0.6442254781723022, 0.00036132504465058446, 0.0, 0.9088691473007202, 1.770768642425537, 0.0, 0.0006188767729327083, 8.380701183341444e-05, 0.0016202788101509213, 0.0, 0.04847331717610359, 0.0, 1.1887987852096558, 0.0, 0.006943096406757832, 0.5541931390762329, 1.4011187553405762, 0.0, 0.0, 0.7993700504302979, 0.0, 0.26386240124702454, 0.3733171820640564, 0.0, 7.142666436266154e-05, 0.0, 0.0, 0.0, 0.0, 1.2655445337295532, 0.0, 0.47909921407699585, 0.0, 1.2929693460464478, 0.46160492300987244, 0.25952011346817017, 0.0, 0.004935225937515497, 0.0007409239769913256, 0.7751356363296509, 0.0, 0.009177041240036488, 0.0, 0.006356494501233101, 0.0, 0.0, 0.2995927035808563, 0.2626211643218994, 0.0, 0.6854727864265442, 0.20132988691329956]"
,"[0.0, 0.0, 0.7402761578559875, 0.7655130624771118, 1.5152252912521362, 0.0, 0.0, 0.3255060315132141, 0.0, 0.3900868594646454, 0.6087216138839722, 0.2958211898803711, 1.1344449520111084, 0.0, 0.10629776865243912, 0.004675861448049545, 0.0, 0.0, 0.5841889977455139, 0.0, 1.0770773887634277, 1.541285514831543, 0.0, 0.0, 0.02332163415849209, 0.0, 0.0, 0.001108838594518602, 0.47735336422920227, 0.1187228411436081, 0.8331513404846191, 0.0, 0.0, 0.0035925935953855515, 0.0, 0.0, 0.0, 0.9715710282325745, 0.8871278762817383, 0.0, 0.0, 0.17828790843486786, 0.7885557413101196, 0.4682178795337677, 0.0, 0.11235187202692032, 0.5596054792404175, 0.0, 0.0, 0.0, 1.7842401266098022, 2.263828754425049, 0.15710441768169403, 0.36912402510643005, 0.0, 0.0, 0.09473741799592972, 0.0, 1.097262978553772, 0.24353736639022827, 0.0, 1.4086124897003174, 1.5154447555541992, 0.0, 0.8509936332702637, 1.8140161037445068, 1.0823535919189453, 1.4175232648849487, 7.127359276637435e-05, 0.30251914262771606, 0.0, 0.6774418950080872, 0.0, 0.08083099126815796, 0.5727185606956482, 0.0, 0.5383716225624084, 1.204147219657898, 0.5075234770774841, 0.5236800312995911, 0.0, 0.1649535894393921, 0.0, 0.0, 0.0, 0.526922345161438, 0.2619177997112274, 0.0, 0.7308169007301331, 0.0, 0.2600499093532562, 1.061416506767273, 0.001494811731390655, 0.00014664337504655123, 0.41061270236968994, 0.003265565261244774, 0.0, 0.4881787598133087, 0.4144452214241028, 0.05984162539243698, 0.0, 0.17701540887355804, 0.0, 1.585295557975769, 0.0, 0.0, 0.39668008685112, 0.24913877248764038, 0.05417584255337715, 0.981371283531189, 0.6137822866439819, 0.0, 1.3754013776779175, 0.5925736427307129, 0.0, 0.0002688592649064958, 0.0, 1.4198236465454102, 1.512018084526062, 0.14953811466693878, 0.4729127585887909, 0.8611788749694824, 0.0, 0.0, 0.0, 0.0, 0.4207175076007843, 0.5385211110115051, 0.0, 0.29797351360321045, 1.2258942127227783, 0.09996367245912552, 1.03574538230896, 0.0, 0.7793470025062561, 1.512495756149292, 0.16265472769737244, 0.00042850166209973395, 0.0, 0.05536502227187157, 0.0, 0.0, 0.0, 0.7987908124923706, 0.3215479552745819, 0.0, 1.067024827003479, 0.0, 0.004966271575540304, 0.01599140465259552, 0.9864712357521057, 0.519784688949585, 0.0, 0.0, 0.5786394476890564, 1.4765836000442505, 2.5055809020996094, 0.5422028303146362, 0.0, 0.5981442332267761, 0.4638309180736542, 0.16969990730285645, 0.0, 0.0017698254669085145, 0.0, 0.6626654267311096, 0.0009008296183310449, 0.0, 1.4277722835540771, 0.010491102002561092, 0.0, 0.010911494493484497, 0.8550465703010559, 0.0, 1.943902850151062, 0.035567089915275574, 0.09390546381473541, 1.0392259359359741, 0.15068286657333374, 0.0, 0.0, 0.0, 0.9460310935974121, 0.11052324622869492, 0.0, 0.007762085646390915, 0.12446349859237671, 1.931189775466919, 1.6404845714569092, 0.5764415264129639, 0.002072297502309084, 1.0367518663406372, 0.14227725565433502, 1.0563747882843018, 0.0, 0.12264665961265564, 0.465475469827652, 1.4183634519577026, 0.19135254621505737, 0.8972063064575195, 0.0, 0.9558010697364807, 0.0, 0.00020357765606604517, 0.009463709779083729, 0.6266783475875854, 0.007180012296885252, 0.001720047788694501, 0.8573771119117737, 1.903160572052002, 0.0, 0.0006359098479151726, 0.0005931276828050613, 0.0004736262490041554, 0.0, 0.02930711768567562, 0.0, 1.2024102210998535, 0.0, 0.004095855634659529, 0.48561644554138184, 1.389892339706421, 0.0, 0.0, 0.7877398133277893, 0.0, 0.3356764018535614, 0.37152084708213806, 0.0, 0.0, 0.0, 0.0, 0.0, 0.0, 1.3857580423355103, 0.0, 0.3324611783027649, 0.0, 1.239046573638916, 0.46110519766807556, 0.35846805572509766, 0.000255775754339993, 0.0018062957096844912, 0.0009105596109293401, 0.7271772027015686, 0.0, 0.009831944480538368, 0.0, 0.011080751195549965, 0.0, 0.0, 0.3024449646472931, 0.3244280219078064, 0.0, 0.689909040927887, 0.10379955172538757]"
,"[0.0, 0.0, 0.6986284255981445, 0.7446914911270142, 1.4838547706604004, 0.0, 0.0, 0.2550950348377228, 0.0, 0.41185399889945984, 0.5971860885620117, 0.3137005567550659, 1.1354262828826904, 0.0003990580153185874, 0.11888030916452408, 0.003567136824131012, 0.0, 0.0, 0.5761909484863281, 0.0, 1.0946284532546997, 1.5135703086853027, 0.0, 0.0, 0.004161285236477852, 0.0, 0.0, 0.0023086972068995237, 0.42704981565475464, 0.14525167644023895, 0.8313840627670288, 0.0, 0.0, 0.005030870903283358, 0.0, 0.0, 0.0, 0.9811784029006958, 0.8515795469284058, 0.0, 0.0, 0.16785798966884613, 0.8131188750267029, 0.4698176980018616, 0.0006064258050173521, 0.10475065559148788, 0.5259870290756226, 0.007214683573693037, 0.0, 0.0, 1.7586179971694946, 2.2514097690582275, 0.17819254100322723, 0.3291783332824707, 0.0, 0.0, 0.13994593918323517, 0.004645668435841799, 1.0908113718032837, 0.2585959732532501, 0.0, 1.3770370483398438, 1.4943245649337769, 0.0, 0.7871372103691101, 1.788835883140564, 1.0220651626586914, 1.35330069065094, 0.0020976329687982798, 0.30701276659965515, 0.0, 0.6461365222930908, 0.0, 0.11061891168355942, 0.5489246845245361, 0.0, 0.47332870960235596, 1.182029366493225, 0.5103145837783813, 0.5132075548171997, 0.0, 0.18744058907032013, 0.012010990642011166, 0.014070393517613411, 0.004293469246476889, 0.5470768213272095, 0.24829813838005066, 0.0, 0.7508561015129089, 0.0, 0.254338800907135, 1.0816792249679565, 0.009097774513065815, 0.0003388132608961314, 0.4351750314235687, 0.0016043372452259064, 0.0, 0.45000848174095154, 0.37146052718162537, 0.10109703242778778, 0.0, 0.1527160257101059, 1.973451435333118e-05, 1.5393328666687012, 0.0, 0.0, 0.4184695780277252, 0.23410113155841827, 0.09365540742874146, 0.9493579268455505, 0.6270079016685486, 0.0, 1.3062642812728882, 0.548921525478363, 0.002073785522952676, 0.019499819725751877, 0.0, 1.439079999923706, 1.4601789712905884, 0.1970512568950653, 0.4787144362926483, 0.8574379682540894, 0.0, 0.0, 0.0, 0.0, 0.44004276394844055, 0.5767411589622498, 0.0, 0.31059733033180237, 1.2274999618530273, 0.0833168774843216, 1.0408039093017578, 0.0, 0.7410033345222473, 1.5030258893966675, 0.15740233659744263, 0.006957514211535454, 0.012165510095655918, 0.0890122801065445, 0.0, 0.0, 0.0, 0.7504026293754578, 0.3424939215183258, 0.0, 1.0482439994812012, 0.0, 0.010017052292823792, 0.010398425161838531, 0.9535192847251892, 0.5101516246795654, 0.0, 0.0, 0.5762613415718079, 1.4594411849975586, 2.4647138118743896, 0.5003476738929749, 0.0, 0.5899780988693237, 0.43455806374549866, 0.1500503122806549, 0.0, 0.0, 0.0, 0.6210936307907104, 0.0, 0.0017389635322615504, 1.436624526977539, 0.029477771371603012, 0.0, 0.006239032372832298, 0.8872263431549072, 0.0, 1.9707108736038208, 0.04210416600108147, 0.07786837965250015, 1.0643590688705444, 0.1748582124710083, 0.002787529956549406, 0.0, 0.0, 0.9335331320762634, 0.16066980361938477, 0.0, 0.002391876420006156, 0.15866613388061523, 1.888452410697937, 1.564400553703308, 0.6171373724937439, 0.008138892240822315, 0.9817261695861816, 0.18729569017887115, 1.0369250774383545, 0.0, 0.15934544801712036, 0.46973952651023865, 1.4000211954116821, 0.20444045960903168, 0.8905739188194275, 0.0, 0.9949710965156555, 0.0034147226251661777, 0.0005668902886100113, 0.014765995554625988, 0.5882348418235779, 0.002165383193641901, 0.0066109588369727135, 0.8436277508735657, 1.8177812099456787, 0.0, 0.0, 0.0034172432497143745, 0.0, 0.0, 0.05227569118142128, 0.0, 1.2022244930267334, 0.0, 0.016202671453356743, 0.47537973523139954, 1.368423342704773, 0.0, 0.0, 0.7515444755554199, 0.0, 0.31327685713768005, 0.3415505886077881, 0.0, 0.006210979539901018, 0.0, 0.0, 0.0, 0.0, 1.383314847946167, 0.0, 0.4018688499927521, 0.0, 1.2041435241699219, 0.4762136936187744, 0.34405067563056946, 0.0012273186584934592, 0.0, 0.006274684797972441, 0.7290894389152527, 0.0, 0.021993085741996765, 0.0, 0.030314913019537926, 0.0, 0.0, 0.29968568682670593, 0.2968890964984894, 0.0, 0.7263821959495544, 0.17642883956432343]"
,"[0.0, 0.0, 0.8582566380500793, 0.6436634659767151, 1.5693647861480713, 0.0, 0.0, 0.3062947392463684, 0.0, 0.12301754206418991, 0.6494321227073669, 0.18969376385211945, 1.463510513305664, 0.0024539632722735405, 0.547752320766449, 0.03656119480729103, 0.0, 0.0, 0.5352550745010376, 0.0, 0.6732155680656433, 1.441699504852295, 0.0, 0.0, 0.007978538982570171, 0.0, 0.0, 0.0, 0.5520343780517578, 0.21999971568584442, 0.2207181751728058, 0.0, 0.0, 0.11635429412126541, 0.0, 0.0, 0.0, 0.43383198976516724, 0.6408260464668274, 0.0, 0.0, 0.14552533626556396, 0.5028798580169678, 0.6145309209823608, 0.002163112163543701, 0.10692227631807327, 0.2854892611503601, 0.01470476295799017, 0.0, 0.0, 1.272316575050354, 1.8929797410964966, 0.15814441442489624, 0.3025393784046173, 0.0, 0.0, 0.005594055633991957, 0.027208242565393448, 1.1000736951828003, 0.5218777060508728, 0.0, 0.8032809495925903, 1.0696525573730469, 0.0, 0.35511359572410583, 1.5998947620391846, 0.951843798160553, 1.3490513563156128, 0.0, 0.06645277887582779, 0.0, 0.34725454449653625, 0.0, 0.016864212229847908, 0.3065189719200134, 0.0, 0.18171073496341705, 1.254186987876892, 0.6850590109825134, 0.6949415802955627, 0.0005659197340719402, 0.2541787624359131, 0.09423183649778366, 0.06848085671663284, 0.017603188753128052, 0.6674400568008423, 0.364824116230011, 0.0, 0.34474238753318787, 0.0, 0.11826527863740921, 1.1652066707611084, 0.09868206083774567, 0.024308763444423676, 0.3469681143760681, 0.0, 0.0, 0.5548298358917236, 0.41747552156448364, 0.6355790495872498, 0.0, 0.08474347740411758, 0.00041997170774266124, 1.2992780208587646, 0.0, 0.0, 0.5422878265380859, 0.08918020129203796, 0.4386972486972809, 0.5735926628112793, 0.8646389842033386, 0.0, 1.634758472442627, 0.38408902287483215, 0.01106671616435051, 0.08817652612924576, 0.0, 1.2907243967056274, 1.9133182764053345, 0.023314345628023148, 0.5924016833305359, 0.7221437692642212, 0.0, 0.0, 0.0, 0.0, 0.48498570919036865, 0.47220784425735474, 0.0, 0.44025862216949463, 1.6431964635849, 0.2334660142660141, 0.7014047503471375, 0.0, 0.8120171427726746, 1.4996665716171265, 0.12663978338241577, 0.0917864516377449, 0.02935982309281826, 0.5470950603485107, 0.0, 0.0, 0.0, 0.22528396546840668, 0.3587505519390106, 0.0, 0.3721114695072174, 0.001414720667526126, 0.09915482252836227, 0.07137662172317505, 0.44895121455192566, 0.4746493995189667, 0.0, 0.00032155588269233704, 0.7776896953582764, 1.4591715335845947, 2.628796100616455, 1.026267647743225, 0.0, 0.6606582999229431, 0.558321475982666, 0.3088373839855194, 0.0, 0.0014183659804984927, 0.0, 0.6630728244781494, 0.0, 0.06140438839793205, 1.1654995679855347, 0.0, 0.0, 0.043406303972005844, 1.3450819253921509, 0.0, 2.2040927410125732, 0.017715489491820335, 0.01129242591559887, 0.7102336883544922, 0.04507986828684807, 0.022925343364477158, 0.0, 0.026423392817378044, 0.8457757830619812, 0.19284296035766602, 0.0, 0.07619180530309677, 0.03985286131501198, 1.5646488666534424, 1.1870222091674805, 0.8360139727592468, 0.06524933129549026, 0.7884630560874939, 0.3987770974636078, 0.8046650886535645, 0.0, 0.8770944476127625, 0.224758580327034, 1.7808198928833008, 0.09980778396129608, 0.6946344375610352, 0.0, 1.785359263420105, 0.0058642104268074036, 0.006518065929412842, 0.16422025859355927, 0.8315714597702026, 0.09377545863389969, 0.09600173681974411, 0.9595004320144653, 1.116985559463501, 0.0, 0.0005116460961289704, 0.0056891427375376225, 0.018412815406918526, 0.0, 0.38570863008499146, 0.0, 1.0445703268051147, 0.004800397902727127, 0.10485295951366425, 0.6445606350898743, 1.6856192350387573, 0.0, 0.0, 0.9717503786087036, 0.004053828306496143, 0.16777275502681732, 0.352495938539505, 0.0, 0.05516523867845535, 0.0, 0.0, 0.0, 0.0, 1.0079331398010254, 0.0, 1.107696533203125, 0.0, 1.5211423635482788, 0.3171526789665222, 0.12179788202047348, 0.018264368176460266, 0.007465452421456575, 0.0, 0.8039306402206421, 0.0, 0.0, 0.0034585301764309406, 0.33127152919769287, 0.0, 0.0, 0.4134553074836731, 0.13526161015033722, 0.0, 0.4905976355075836, 0.5175924301147461]"
,"[0.0, 0.0, 0.7460982203483582, 0.7654411792755127, 1.5244526863098145, 0.0, 0.0, 0.27535200119018555, 0.0, 0.3784894347190857, 0.6219915151596069, 0.28153035044670105, 1.1502207517623901, 0.0, 0.16643017530441284, 0.01325380802154541, 0.0, 0.0, 0.5633719563484192, 0.0, 1.0763187408447266, 1.5143587589263916, 0.0, 0.0, 0.016613388434052467, 0.0, 0.0, 0.003469809191301465, 0.43238094449043274, 0.14148308336734772, 0.7625463604927063, 0.0, 0.0, 0.005784709472209215, 0.0, 0.0, 0.0, 0.9507507085800171, 0.8587840795516968, 0.0, 0.0, 0.16295009851455688, 0.7638645768165588, 0.4745274484157562, 0.0, 0.11190421879291534, 0.5065241456031799, 0.0, 0.0, 0.0, 1.728251576423645, 2.25205659866333, 0.14668719470500946, 0.32199373841285706, 0.0, 0.0, 0.11366675049066544, 0.0, 1.1087074279785156, 0.2586543560028076, 0.0, 1.354453682899475, 1.4871653318405151, 0.0, 0.7858659625053406, 1.7827447652816772, 1.0139787197113037, 1.39022958278656, 0.0006856804830022156, 0.2565402090549469, 0.0, 0.6270930767059326, 0.0, 0.10092014819383621, 0.5170654058456421, 0.0, 0.46596771478652954, 1.1880964040756226, 0.5409994125366211, 0.5230196118354797, 0.0, 0.1949024647474289, 0.0018095767591148615, 0.0, 0.00023332849377766252, 0.5267297625541687, 0.2771904170513153, 0.0, 0.7036078572273254, 0.0, 0.2438724786043167, 1.0863497257232666, 0.0016314821550622582, 0.0008004229166544974, 0.38774845004081726, 0.0029446808621287346, 0.0, 0.4873586893081665, 0.4298243820667267, 0.11022322624921799, 0.0, 0.16177839040756226, 0.0, 1.5396205186843872, 0.0, 0.0, 0.42810648679733276, 0.239100843667984, 0.0795464962720871, 0.9577568769454956, 0.635291576385498, 0.0, 1.3824777603149414, 0.5691196918487549, 0.0, 0.002916753524914384, 0.0, 1.4238100051879883, 1.5136152505874634, 0.16404539346694946, 0.4940440356731415, 0.8448054790496826, 0.0, 0.0, 0.0, 0.0, 0.44090521335601807, 0.5519908666610718, 0.0, 0.3414663076400757, 1.2493404150009155, 0.07256931811571121, 0.9831160306930542, 0.0, 0.7535014748573303, 1.5104563236236572, 0.1546757072210312, 0.0005283430800773203, 0.0003455175319686532, 0.1039300337433815, 0.0, 0.0, 0.0, 0.6714314222335815, 0.35504475235939026, 0.0, 0.9715089201927185, 0.0, 0.008792403154075146, 0.01974448561668396, 0.9384018778800964, 0.4985530972480774, 0.0, 0.0, 0.6068664789199829, 1.4583302736282349, 2.492612838745117, 0.5711771249771118, 0.0, 0.5844558477401733, 0.4502328038215637, 0.18821707367897034, 0.0, 0.0012207627296447754, 0.0, 0.6335648894309998, 0.0, 0.0023066119756549597, 1.4077082872390747, 0.022013334557414055, 0.0, 0.005410895682871342, 0.9119354486465454, 0.0, 1.9557117223739624, 0.04526696354150772, 0.06353121995925903, 1.0359946489334106, 0.17488354444503784, 0.0, 0.0, 0.0, 0.9282887578010559, 0.1373540312051773, 0.0, 0.015855198726058006, 0.14108286798000336, 1.895365595817566, 1.5778449773788452, 0.6245822310447693, 0.005948791280388832, 1.0087159872055054, 0.16085538268089294, 1.0463593006134033, 0.0, 0.15249569714069366, 0.4424741566181183, 1.4476439952850342, 0.21269197762012482, 0.890924870967865, 0.0, 1.0448075532913208, 0.0, 0.0027240708004683256, 0.026676705107092857, 0.6177093982696533, 0.016378074884414673, 0.003591295098885894, 0.8734492063522339, 1.7946592569351196, 0.0, 0.005425088107585907, 0.0, 0.0, 0.0, 0.05350231006741524, 0.0, 1.2059922218322754, 0.0, 0.006487264763563871, 0.4971722364425659, 1.388139009475708, 0.0, 0.0, 0.7883886694908142, 0.0, 0.3011961877346039, 0.3515939712524414, 0.0, 0.0012307673459872603, 0.0, 0.0, 0.0, 0.0, 1.3785110712051392, 0.0, 0.40709438920021057, 0.0, 1.2361904382705688, 0.4633316099643707, 0.32685214281082153, 0.009248497895896435, 0.010700548067688942, 0.004639795981347561, 0.7352002263069153, 0.0, 0.01334251370280981, 0.0, 0.024810314178466797, 0.0, 0.0, 0.2672517001628876, 0.28952744603157043, 0.0, 0.6737772822380066, 0.18850179016590118]"
,"[0.0, 0.0, 0.7050675749778748, 0.7726545929908752, 1.5210665464401245, 0.0, 0.0, 0.2661844491958618, 0.0, 0.41675451397895813, 0.6153316497802734, 0.3143799602985382, 1.1345791816711426, 0.0, 0.13140955567359924, 0.004033355507999659, 0.0, 0.0, 0.599346935749054, 0.0, 1.1113312244415283, 1.5246679782867432, 0.0, 0.0, 0.004541774280369282, 0.0, 0.0, 0.003992414567619562, 0.44900059700012207, 0.14377905428409576, 0.8283573985099792, 0.0, 0.0, 0.004897947423160076, 0.0, 0.0, 0.0, 0.9767526984214783, 0.8947860598564148, 0.0, 0.0, 0.17731960117816925, 0.8113207817077637, 0.4565863609313965, 0.0, 0.1257103979587555, 0.5304242372512817, 0.0005153229576535523, 0.0, 0.0, 1.7751752138137817, 2.278038501739502, 0.15393619239330292, 0.34369513392448425, 0.0, 0.0, 0.10186858475208282, 0.0, 1.1132980585098267, 0.2684161365032196, 0.0, 1.3969714641571045, 1.4999700784683228, 0.0, 0.8080058097839355, 1.831437349319458, 1.0203604698181152, 1.3752366304397583, 0.000482641946291551, 0.2908523678779602, 0.0, 0.6498467922210693, 0.0, 0.08608195930719376, 0.5328484177589417, 0.0, 0.4843391478061676, 1.2214988470077515, 0.5017343759536743, 0.530157208442688, 0.0, 0.18051323294639587, 0.005762168206274509, 0.0, 0.003839460900053382, 0.5389856696128845, 0.25419339537620544, 0.0, 0.7329928874969482, 0.0, 0.24487096071243286, 1.0701847076416016, 0.0, 0.0, 0.4466998875141144, 0.0016390015371143818, 0.0, 0.4686184823513031, 0.4035191237926483, 0.06928902119398117, 0.0, 0.17026790976524353, 1.6851807231432758e-05, 1.570968747138977, 0.0, 0.0, 0.40623918175697327, 0.24982836842536926, 0.05424262955784798, 0.9892995357513428, 0.6244362592697144, 0.0, 1.3481934070587158, 0.5731208920478821, 0.0, 0.0036778696812689304, 0.0, 1.448027491569519, 1.5147686004638672, 0.1537136286497116, 0.4522666037082672, 0.8691315650939941, 0.0, 0.0, 0.0, 0.0, 0.4178004562854767, 0.5568368434906006, 0.0, 0.3378661572933197, 1.2094348669052124, 0.05283499136567116, 1.0350614786148071, 0.0, 0.7552641034126282, 1.520679235458374, 0.13590292632579803, 0.0, 0.0009788359748199582, 0.06534776836633682, 0.0, 0.0, 0.0, 0.7489043474197388, 0.3341117203235626, 0.0, 1.0292081832885742, 0.0, 0.0027522058226168156, 0.012775196693837643, 0.9651839137077332, 0.515716016292572, 0.0, 0.0, 0.5793484449386597, 1.4650744199752808, 2.4919228553771973, 0.5446062088012695, 0.0, 0.6049906611442566, 0.44445928931236267, 0.1834428608417511, 0.0, 0.0, 0.0, 0.6375715136528015, 0.0, 0.0, 1.4369877576828003, 0.015410196036100388, 0.0, 0.0040180496871471405, 0.8776395916938782, 0.0, 1.9571596384048462, 0.045975781977176666, 0.06994584202766418, 1.0709872245788574, 0.15130341053009033, 0.00020760785264428705, 0.0, 0.0, 0.9519302248954773, 0.11777912080287933, 0.0, 0.008279589004814625, 0.1347411423921585, 1.9093208312988281, 1.6281028985977173, 0.5835056900978088, 0.004738671239465475, 1.025647759437561, 0.14803607761859894, 1.045019268989563, 0.0, 0.11880818754434586, 0.45709896087646484, 1.4016693830490112, 0.20772689580917358, 0.8943648338317871, 0.0, 1.0211222171783447, 0.0, 0.00019928957044612616, 0.015122580341994762, 0.6061214804649353, 0.00921925064176321, 0.0, 0.8559708595275879, 1.854981541633606, 0.0, 0.0, 0.0, 0.0, 0.0, 0.031076157465577126, 0.0, 1.208220362663269, 0.0, 0.004583159927278757, 0.48422127962112427, 1.37571382522583, 0.0, 0.0, 0.7856748700141907, 0.0, 0.3253750205039978, 0.36208680272102356, 0.0, 0.00036504073068499565, 0.0, 0.0, 0.0, 0.0, 1.3825229406356812, 0.0, 0.37028297781944275, 0.0, 1.238956332206726, 0.4674578905105591, 0.33874520659446716, 0.0, 0.0002711876295506954, 0.0014361216453835368, 0.7485308051109314, 0.0, 0.011732540093362331, 0.0, 0.011857805773615837, 0.0, 0.0, 0.31395360827445984, 0.3056633472442627, 0.0, 0.7054944634437561, 0.1490313857793808]"
,"[0.0, 0.0, 0.8357545137405396, 0.6232408881187439, 1.5495623350143433, 0.0, 0.0, 0.33232471346855164, 0.0, 0.19250158965587616, 0.4943673610687256, 0.17800508439540863, 1.2899943590164185, 0.0008951196796260774, 0.2754564583301544, 0.01080639660358429, 0.0, 0.0, 0.5596505999565125, 0.0, 0.9337076544761658, 1.4385143518447876, 0.0, 0.0, 0.03997365012764931, 0.0, 0.0, 9.798097380553372e-06, 0.4314458668231964, 0.19490335881710052, 0.425666481256485, 0.0, 0.0, 0.05936209857463837, 0.0, 0.0, 0.0, 0.6339460015296936, 0.7001603841781616, 0.0, 0.0, 0.12494423240423203, 0.6234336495399475, 0.5534451007843018, 0.0002911867341026664, 0.134647935628891, 0.43678343296051025, 0.008149920962750912, 0.0, 0.0, 1.4536893367767334, 1.9698435068130493, 0.16833969950675964, 0.20563693344593048, 0.0, 0.0, 0.027772963047027588, 0.026113009080290794, 1.1127595901489258, 0.4037016034126282, 0.0, 0.9372968673706055, 1.2609943151474, 0.0, 0.5721243619918823, 1.5545432567596436, 1.0818148851394653, 1.329548716545105, 0.0, 0.1413528472185135, 0.0, 0.5301617383956909, 0.0, 0.038866933435201645, 0.445546418428421, 0.00026172903017140925, 0.331034392118454, 1.2393356561660767, 0.5536379218101501, 0.6422590017318726, 0.0, 0.21841704845428467, 0.08833092451095581, 0.06903224438428879, 0.025959234684705734, 0.5717195868492126, 0.3537319004535675, 0.0, 0.4229790270328522, 0.0, 0.18158669769763947, 1.2012465000152588, 0.06871892511844635, 0.029486188665032387, 0.40665319561958313, 0.0004632494237739593, 0.0, 0.5491819977760315, 0.45825454592704773, 0.37959161400794983, 0.0, 0.11224982887506485, 7.001155154284788e-06, 1.4167397022247314, 0.0, 0.0, 0.4520730674266815, 0.15474681556224823, 0.315061092376709, 0.687277615070343, 0.7027904987335205, 0.0, 1.5537105798721313, 0.5023579597473145, 0.005421309731900692, 0.023691629990935326, 0.0, 1.2695480585098267, 1.678901195526123, 0.06516609340906143, 0.5690721869468689, 0.818972110748291, 0.0, 0.0, 0.0, 0.0, 0.531670868396759, 0.4973790943622589, 0.0, 0.33838367462158203, 1.484580636024475, 0.18191462755203247, 0.8317649364471436, 0.0, 0.7788199186325073, 1.5391743183135986, 0.2015264630317688, 0.04711240902543068, 0.005592845380306244, 0.33681777119636536, 0.0, 0.0, 0.0, 0.44579219818115234, 0.4026799201965332, 0.0, 0.594186007976532, 0.0, 0.03814629465341568, 0.05158635601401329, 0.70108962059021, 0.5283262729644775, 0.0, 0.0, 0.6893308758735657, 1.40287446975708, 2.5591039657592773, 0.8374340534210205, 0.0003257074858993292, 0.5888580083847046, 0.569628119468689, 0.13839569687843323, 0.0, 0.0051429979503154755, 0.0, 0.6748097538948059, 0.002767911646515131, 0.006628901232033968, 1.184622049331665, 0.0035567169543355703, 0.0, 0.009816015139222145, 1.175845742225647, 0.0022461903281509876, 2.119532585144043, 0.018610170111060143, 0.03485908359289169, 0.9324055910110474, 0.08084572106599808, 0.005817420314997435, 0.0, 0.004812996834516525, 0.8275831341743469, 0.1446627527475357, 0.0, 0.0494200736284256, 0.04575963318347931, 1.6646560430526733, 1.4008116722106934, 0.6582118272781372, 0.014220652170479298, 0.8914584517478943, 0.3283238410949707, 0.9221378564834595, 0.0, 0.505418598651886, 0.38572221994400024, 1.5912798643112183, 0.12466029077768326, 0.8010331392288208, 0.0, 1.359421730041504, 0.0016927341930568218, 0.00012020910799037665, 0.07018524408340454, 0.8299674391746521, 0.01128685288131237, 0.025280805304646492, 1.0443618297576904, 1.4776215553283691, 0.0, 9.321972902398556e-05, 0.012142009101808071, 0.007068781182169914, 0.0, 0.19607973098754883, 0.0, 1.1136418581008911, 0.0, 0.08315884321928024, 0.627245306968689, 1.5104467868804932, 0.0, 0.0, 0.8242048025131226, 0.00018962996546179056, 0.17480120062828064, 0.39200079441070557, 0.0, 0.01700349897146225, 0.0, 0.0, 0.0, 0.0, 1.0068397521972656, 0.0, 0.7453798651695251, 0.0, 1.4019017219543457, 0.3908470571041107, 0.16722019016742706, 0.0070301261730492115, 0.0008018506341613829, 0.0006936856079846621, 0.8114322423934937, 0.0, 0.0015258186031132936, 0.0, 0.1629311591386795, 0.0, 0.0, 0.30476802587509155, 0.1833324283361435, 0.0, 0.5819590091705322, 0.3298143744468689]"
,"[0.0, 0.0, 0.7337757349014282, 0.7734407782554626, 1.5408824682235718, 0.0, 0.0, 0.2832459807395935, 0.0, 0.4319858253002167, 0.6182715892791748, 0.3196791708469391, 1.0995380878448486, 0.0, 0.11033307760953903, 0.0002450682513881475, 0.0, 0.0, 0.5780426859855652, 0.0, 1.1333718299865723, 1.5378031730651855, 0.0, 0.0, 0.015786651521921158, 0.0, 0.0, 0.002329966053366661, 0.45565658807754517, 0.11946069449186325, 0.8590564131736755, 0.0, 0.0, 0.0, 0.0, 0.0, 0.0, 0.9907544851303101, 0.9263026118278503, 0.0, 0.0, 0.1703786849975586, 0.7998174428939819, 0.45832961797714233, 0.0, 0.11298268288373947, 0.5683386325836182, 0.0, 0.0, 0.0, 1.8011407852172852, 2.3049261569976807, 0.16806435585021973, 0.36332353949546814, 0.0, 0.0, 0.09092164784669876, 0.0, 1.1214864253997803, 0.251418799161911, 0.0, 1.4243032932281494, 1.5142295360565186, 0.0, 0.8492195010185242, 1.8387233018875122, 1.0366997718811035, 1.4194607734680176, 0.0, 0.29004746675491333, 0.0, 0.6585844159126282, 0.0, 0.0963379368185997, 0.5438907742500305, 0.0, 0.5295339226722717, 1.2260940074920654, 0.5337227582931519, 0.5284299254417419, 0.0, 0.19743995368480682, 0.0, 0.0, 0.0, 0.5310684442520142, 0.25785523653030396, 0.0, 0.7351887822151184, 0.0, 0.24719062447547913, 1.0849872827529907, 0.0, 0.0, 0.40743228793144226, 0.0, 0.0, 0.4793086349964142, 0.42439746856689453, 0.021275732666254044, 0.0, 0.19913911819458008, 0.0, 1.58112370967865, 0.0, 0.0, 0.3992259204387665, 0.2670325040817261, 0.025855889543890953, 1.0197008848190308, 0.6284363269805908, 0.0, 1.3632630109786987, 0.614205539226532, 0.0, 0.0, 0.0, 1.452304720878601, 1.5289424657821655, 0.15914598107337952, 0.4575407803058624, 0.8640738725662231, 0.0, 0.0, 0.0, 0.0, 0.42513179779052734, 0.5474183559417725, 0.0, 0.3302365839481354, 1.1970852613449097, 0.04530797898769379, 1.0258342027664185, 0.0, 0.7661827206611633, 1.5313148498535156, 0.12850108742713928, 0.0, 0.0, 0.019924091175198555, 0.0, 0.0, 0.0, 0.7754179239273071, 0.3523351550102234, 0.0, 1.0588524341583252, 0.0, 0.0, 0.01869066432118416, 1.0177379846572876, 0.5171391367912292, 0.0, 0.0, 0.5879235863685608, 1.4825271368026733, 2.512352466583252, 0.5267914533615112, 0.0, 0.5975762605667114, 0.45001521706581116, 0.188294917345047, 0.0, 4.714826900453772e-06, 0.0, 0.6620135307312012, 0.0, 0.0, 1.437242865562439, 0.013522784225642681, 0.0, 0.00028307700995355844, 0.854081928730011, 0.0, 1.956052303314209, 0.045660100877285004, 0.054755039513111115, 1.0815852880477905, 0.12706685066223145, 0.0, 0.0, 0.0, 0.9446714520454407, 0.11285029351711273, 0.0, 3.0236989914556034e-05, 0.11984695494174957, 1.9477368593215942, 1.6496220827102661, 0.5528174638748169, 0.0007640078547410667, 1.0564745664596558, 0.1286633312702179, 1.0543315410614014, 0.0, 0.07193701714277267, 0.4539434313774109, 1.3927090167999268, 0.22458867728710175, 0.9055011868476868, 0.0, 0.9781913161277771, 0.0, 0.0005514322547242045, 0.0, 0.6183705925941467, 7.10208187229e-05, 0.0, 0.8779255151748657, 1.9018163681030273, 0.0, 0.0, 0.0, 0.0, 0.0, 0.007105357013642788, 0.0, 1.205972671508789, 0.0, 0.0, 0.4958028197288513, 1.3500607013702393, 0.0, 0.0, 0.7918192744255066, 0.0, 0.34514138102531433, 0.37550267577171326, 0.0, 0.0, 0.0, 0.0, 0.0, 0.0, 1.4020729064941406, 0.0, 0.323758065700531, 0.0, 1.2373716831207275, 0.4630216360092163, 0.3382423520088196, 0.0, 0.00034910300746560097, 0.00045249873073771596, 0.750424861907959, 0.0, 0.006679209880530834, 0.0, 0.0, 0.0, 0.0, 0.29211410880088806, 0.31366631388664246, 0.0, 0.6957332491874695, 0.12063956260681152]"
,"[0.0, 0.0, 0.6842455267906189, 0.7805125713348389, 1.5392906665802002, 0.0, 0.0, 0.2754930853843689, 0.0, 0.4101695120334625, 0.5939828753471375, 0.3215908706188202, 1.1163252592086792, 0.0, 0.0880715623497963, 0.0002794914471451193, 0.0, 0.0, 0.5989011526107788, 0.0, 1.1395055055618286, 1.5098366737365723, 0.0, 0.0, 0.005911936983466148, 0.0, 0.0, 0.00015908644127193838, 0.46026611328125, 0.15277284383773804, 0.8799561858177185, 0.0, 0.0, 0.007633944973349571, 0.0, 0.0, 0.0, 0.9922168254852295, 0.910442590713501, 0.0, 0.0, 0.18185852468013763, 0.8323850631713867, 0.4543325901031494, 0.0, 0.15770535171031952, 0.5856558084487915, 0.0, 0.0, 0.0, 1.7949227094650269, 2.294102668762207, 0.1482628434896469, 0.3009110987186432, 0.0, 0.0, 0.11202172935009003, 0.0, 1.1090584993362427, 0.27414795756340027, 0.0, 1.3921200037002563, 1.5085755586624146, 0.0, 0.8640066385269165, 1.811439871788025, 1.0761796236038208, 1.3777093887329102, 0.0006285738199949265, 0.3120875060558319, 0.0, 0.6819078922271729, 0.0, 0.0936916321516037, 0.5666138529777527, 0.0, 0.5219968557357788, 1.2279363870620728, 0.4690491855144501, 0.5355854630470276, 0.0, 0.14159630239009857, 0.0, 0.0, 0.0, 0.5475770831108093, 0.22973471879959106, 0.0, 0.7425172328948975, 0.0, 0.2737034559249878, 1.0782209634780884, 0.0002255790459457785, 0.0, 0.4756566286087036, 0.0020284184720367193, 0.0, 0.4688427746295929, 0.386572003364563, 0.0435398668050766, 0.0, 0.18201380968093872, 0.0, 1.5887542963027954, 0.0, 0.0, 0.3743925988674164, 0.25857552886009216, 0.048045337200164795, 0.9902920722961426, 0.5910212993621826, 0.0, 1.3546028137207031, 0.5881812572479248, 0.0, 0.0, 0.0, 1.432276964187622, 1.4891138076782227, 0.15667156875133514, 0.44426244497299194, 0.9012605547904968, 0.0, 0.0, 0.0, 0.0, 0.4303865134716034, 0.5671932697296143, 0.0, 0.30971038341522217, 1.214391827583313, 0.033519770950078964, 1.0598605871200562, 0.0, 0.7830503582954407, 1.5164835453033447, 0.1545492708683014, 0.0, 0.0, 0.04413649067282677, 0.0, 0.0, 0.0, 0.8159825801849365, 0.30761709809303284, 0.0, 1.0687273740768433, 0.0, 0.0, 0.014539673924446106, 1.0035849809646606, 0.5223206877708435, 0.0, 0.0, 0.5844392776489258, 1.437089204788208, 2.4686789512634277, 0.5214039087295532, 0.0, 0.5927791595458984, 0.4573476016521454, 0.1421707719564438, 0.0, 7.56166409701109e-05, 0.0, 0.670147716999054, 0.0, 0.0, 1.4190531969070435, 0.008390791714191437, 0.0, 0.0022280761040747166, 0.8590685129165649, 0.0, 1.956182599067688, 0.07697245478630066, 0.07777463644742966, 1.1208208799362183, 0.1427934467792511, 0.0, 0.0, 0.0, 0.9425495266914368, 0.13045911490917206, 0.0, 0.008063730783760548, 0.13884982466697693, 1.9010366201400757, 1.6461747884750366, 0.5558891296386719, 0.0, 1.0188013315200806, 0.14967529475688934, 1.0830470323562622, 0.0, 0.07911942154169083, 0.4806777536869049, 1.406280517578125, 0.1925847828388214, 0.9203652739524841, 0.0, 0.9584544897079468, 0.0, 0.00029495565104298294, 0.0069746701046824455, 0.6073482036590576, 9.581595804775134e-05, 0.0, 0.865410566329956, 1.9195204973220825, 0.0, 0.0, 0.0, 0.0016517388867214322, 0.0, 0.010880556888878345, 0.0, 1.186004638671875, 0.0, 0.005194449797272682, 0.491596519947052, 1.3775341510772705, 0.0, 0.0, 0.7288274765014648, 0.0, 0.31733328104019165, 0.3708818852901459, 0.0, 0.0, 0.0, 0.0, 0.0, 0.0, 1.3770335912704468, 0.0, 0.3382929265499115, 0.0, 1.2448110580444336, 0.49172312021255493, 0.33685824275016785, 0.0006624456727877259, 0.0014631651574745774, 0.0009078946895897388, 0.7626004219055176, 0.0, 0.004367721267044544, 0.0, 0.0028090672567486763, 0.0, 0.0, 0.30078601837158203, 0.3013228476047516, 0.0, 0.7243708968162537, 0.1324782371520996]"
,"[0.0, 0.0, 0.6680259704589844, 0.7563000321388245, 1.5110350847244263, 0.0, 0.0, 0.22860504686832428, 0.0, 0.41700366139411926, 0.5895155668258667, 0.3098929226398468, 1.1362751722335815, 0.0, 0.11480167508125305, 0.0016648612217977643, 0.0, 0.0, 0.592122495174408, 0.0, 1.1131995916366577, 1.50351881980896, 0.0, 0.0, 0.005181365180760622, 0.0, 0.0, 0.0008026881259866059, 0.41952869296073914, 0.17112912237644196, 0.8848837018013, 0.0, 0.0, 0.006803134456276894, 0.0, 0.0, 0.0, 0.9999054074287415, 0.8713370561599731, 0.0, 0.0, 0.19463901221752167, 0.8294727206230164, 0.47108954191207886, 0.0, 0.1350182145833969, 0.536750316619873, 0.0, 0.0, 0.0, 1.7605170011520386, 2.279064893722534, 0.1620337963104248, 0.3089374303817749, 0.0, 0.0, 0.16917981207370758, 0.005801888182759285, 1.0905195474624634, 0.2679671049118042, 0.0, 1.4143848419189453, 1.473686933517456, 0.0, 0.8054019808769226, 1.7853997945785522, 1.0351142883300781, 1.3239798545837402, 0.0013559389626607299, 0.3522716462612152, 0.0, 0.6459060907363892, 0.0, 0.13024187088012695, 0.5780516266822815, 0.0, 0.4942140579223633, 1.188051462173462, 0.48953333497047424, 0.5005879402160645, 0.0, 0.16903452575206757, 0.007730674929916859, 0.010674993507564068, 0.004272398538887501, 0.5537387728691101, 0.22941090166568756, 0.0, 0.7612558007240295, 0.0, 0.28592681884765625, 1.0667624473571777, 0.006869346369057894, 0.0031055822037160397, 0.44122523069381714, 0.0034064562059938908, 0.0, 0.4537973999977112, 0.3710010349750519, 0.10875517874956131, 0.0, 0.15853062272071838, 0.0, 1.541370153427124, 0.0, 0.0, 0.3816137909889221, 0.25385645031929016, 0.09870576858520508, 0.9540746808052063, 0.6193140745162964, 0.0, 1.2738734483718872, 0.5517119765281677, 0.003959386609494686, 0.013263875618577003, 0.0, 1.4274941682815552, 1.4262559413909912, 0.20745521783828735, 0.47417622804641724, 0.870218813419342, 0.0, 0.0, 0.0, 0.0, 0.434674471616745, 0.6100154519081116, 0.0, 0.2894115746021271, 1.2081347703933716, 0.07488139718770981, 1.0511043071746826, 0.0, 0.7556445598602295, 1.4844551086425781, 0.16593213379383087, 0.0024708453565835953, 0.0004095725598745048, 0.09485641121864319, 0.0, 0.0, 0.0, 0.7932031750679016, 0.34852346777915955, 0.0, 1.039422869682312, 0.0, 0.008819503709673882, 0.010605690069496632, 0.9583823680877686, 0.5120691657066345, 0.0, 0.0006067955982871354, 0.5682456493377686, 1.4074331521987915, 2.457416534423828, 0.46746474504470825, 0.0, 0.5974940657615662, 0.4415339231491089, 0.12409611791372299, 0.0, 0.0, 0.0, 0.6338872909545898, 0.0010822850745171309, 0.003291334258392453, 1.4593956470489502, 0.03322037309408188, 0.0, 0.0009201975772157311, 0.8768211603164673, 0.0, 1.9547525644302368, 0.06909295916557312, 0.09226612001657486, 1.0928601026535034, 0.18348418176174164, 5.798889833386056e-05, 0.0, 0.0, 0.9340348243713379, 0.1694663017988205, 0.0, 0.005709519609808922, 0.18324792385101318, 1.876253604888916, 1.5664176940917969, 0.6186361312866211, 0.015955941751599312, 0.9930905103683472, 0.18540111184120178, 1.0577821731567383, 0.0, 0.1680547147989273, 0.49453678727149963, 1.3811269998550415, 0.21597926318645477, 0.9027454853057861, 0.0, 0.9772999286651611, 0.0, 0.00013408035738393664, 0.031839944422245026, 0.5798425078392029, 0.01722506247460842, 0.00891954731196165, 0.8324487209320068, 1.8310662508010864, 0.0, 0.0, 0.0002998936688527465, 0.0, 0.0, 0.0618012361228466, 0.0, 1.2194933891296387, 0.0, 0.019676225259900093, 0.478270024061203, 1.3663374185562134, 0.0, 0.0, 0.6893225908279419, 0.0, 0.30071374773979187, 0.3486514985561371, 0.0, 0.0011523577850311995, 0.0, 0.0, 0.0, 0.0, 1.4224122762680054, 0.0, 0.40451371669769287, 0.0, 1.1969302892684937, 0.49752330780029297, 0.3665083348751068, 0.0037190779112279415, 0.0, 0.0031895346473902464, 0.7151682376861572, 0.0, 0.019911181181669235, 0.0, 0.04683930426836014, 0.0, 0.0, 0.29034483432769775, 0.295358270406723, 0.0, 0.7395650148391724, 0.1587929129600525]"
,"[0.0, 0.0, 0.7403634786605835, 0.7501243948936462, 1.534197211265564, 0.0, 0.0, 0.2657102346420288, 0.0, 0.3639284074306488, 0.6033560037612915, 0.28731587529182434, 1.188760757446289, 0.0, 0.1710945963859558, 0.0051565272733569145, 0.0, 0.0, 0.5609983801841736, 0.0, 1.087572455406189, 1.547039270401001, 0.0, 0.0, 0.004827113356441259, 0.0, 0.0, 0.0011614479590207338, 0.44118526577949524, 0.13557924330234528, 0.7106943130493164, 0.0, 0.0, 0.01155452523380518, 0.0, 0.0, 0.0, 0.9228804707527161, 0.8724300265312195, 0.0, 0.0, 0.15846846997737885, 0.7843081951141357, 0.46916866302490234, 0.0, 0.10969462990760803, 0.5039590001106262, 0.0, 0.0, 0.0, 1.7397792339324951, 2.236297369003296, 0.1492915004491806, 0.3311106860637665, 0.0, 0.0, 0.08862621337175369, 0.0, 1.1049658060073853, 0.26201561093330383, 0.0, 1.3230692148208618, 1.4747246503829956, 0.0, 0.7328933477401733, 1.780354619026184, 1.01091730594635, 1.368633508682251, 0.00013338109420146793, 0.2511478662490845, 0.0, 0.6023055911064148, 0.0, 0.08745353668928146, 0.508438229560852, 0.0, 0.4162656366825104, 1.2207967042922974, 0.5564382076263428, 0.5465453267097473, 0.0, 0.19954687356948853, 6.806584860896692e-05, 0.0, 0.0003520792815834284, 0.5332071185112, 0.2827126085758209, 0.0, 0.6845740675926208, 0.0, 0.22397340834140778, 1.1010568141937256, 0.0013819721061736345, 0.0, 0.42031368613243103, 2.9336486477404833e-05, 0.0, 0.46867671608924866, 0.38748428225517273, 0.135231614112854, 0.0, 0.13688507676124573, 0.0, 1.551741361618042, 0.0, 0.0, 0.44602829217910767, 0.21245212852954865, 0.10346100479364395, 0.9311783909797668, 0.6688446998596191, 0.0, 1.3958401679992676, 0.5480618476867676, 0.0, 0.00026049173902720213, 0.0, 1.4089627265930176, 1.5715856552124023, 0.15131829679012299, 0.48470112681388855, 0.8509624600410461, 0.0, 0.0, 0.0, 0.0, 0.4439259469509125, 0.5393213629722595, 0.0, 0.3608226776123047, 1.2648845911026, 0.07052239030599594, 0.9840142726898193, 0.0, 0.756024181842804, 1.5406460762023926, 0.1401718556880951, 0.0007321066805161536, 0.0, 0.1256381869316101, 0.0, 0.0, 0.0, 0.6459892392158508, 0.35475778579711914, 0.0, 0.9606384038925171, 0.0, 0.00011546403402462602, 0.012770330533385277, 0.9061694145202637, 0.5032210946083069, 0.0, 0.0, 0.609283447265625, 1.4641573429107666, 2.508183479309082, 0.5971662998199463, 0.0, 0.6016272902488708, 0.4365677833557129, 0.20076113939285278, 0.0, 0.0, 0.0, 0.6355471611022949, 0.0, 0.0, 1.382958173751831, 0.014961053617298603, 0.0, 0.00997098721563816, 0.9412670731544495, 0.0, 1.9967490434646606, 0.04572466388344765, 0.059149857610464096, 1.0299094915390015, 0.1345369666814804, 0.0, 0.0, 0.0, 0.9234702587127686, 0.11561284214258194, 0.0, 0.010468799620866776, 0.11714580655097961, 1.880832314491272, 1.5765876770019531, 0.6411667466163635, 0.0026652368251234293, 0.9940540790557861, 0.18401022255420685, 1.0235155820846558, 0.0, 0.19316217303276062, 0.4118348956108093, 1.4464808702468872, 0.1875302791595459, 0.860831618309021, 0.0, 1.0882693529129028, 0.0, 4.460310083231889e-05, 0.023176709190011024, 0.6190711259841919, 0.000756715249735862, 0.0027221746277064085, 0.8803143501281738, 1.7642028331756592, 0.0, 0.0, 0.0, 0.0, 0.0, 0.043409548699855804, 0.0, 1.2072556018829346, 0.0, 0.01175500825047493, 0.534487247467041, 1.4041799306869507, 0.0, 0.0, 0.832237958908081, 0.0, 0.28007057309150696, 0.3674358129501343, 0.0, 0.0, 0.0, 0.0, 0.0, 0.0, 1.3086066246032715, 0.0, 0.4748230576515198, 0.0, 1.2497496604919434, 0.46785786747932434, 0.28629329800605774, 0.0002884893328882754, 3.293534246040508e-05, 0.0006948501104488969, 0.7507214546203613, 0.0, 0.009075595997273922, 0.0, 0.010477647185325623, 0.0, 0.0, 0.2963605523109436, 0.27426692843437195, 0.0, 0.6878228783607483, 0.2095569670200348]"
,"[0.0, 0.0, 0.7321208119392395, 0.7642201781272888, 1.5151139497756958, 0.0, 0.0, 0.29361626505851746, 0.0, 0.39964595437049866, 0.615651547908783, 0.3073424994945526, 1.1246235370635986, 0.0, 0.1057901531457901, 0.0016097232000902295, 0.0, 0.0, 0.5790386199951172, 0.0, 1.1146824359893799, 1.520693302154541, 0.0, 0.0, 0.020368453115224838, 0.0, 0.0, 0.0001596922375028953, 0.45289352536201477, 0.14215752482414246, 0.8383731842041016, 0.0, 0.0, 0.014008676633238792, 0.0, 0.0, 0.0, 0.9871735572814941, 0.8908422589302063, 0.0, 0.0, 0.17357505857944489, 0.8058568239212036, 0.4737524390220642, 0.0, 0.11711335182189941, 0.5465691685676575, 0.0, 0.0, 0.0, 1.786397099494934, 2.281691074371338, 0.16036270558834076, 0.35367169976234436, 0.0, 0.0, 0.09968755394220352, 0.0, 1.1152312755584717, 0.250393271446228, 0.0, 1.3979917764663696, 1.5028631687164307, 0.0, 0.8300583362579346, 1.8149137496948242, 1.0629874467849731, 1.4022945165634155, 0.00014001272211316973, 0.3078400194644928, 0.0, 0.6638534069061279, 0.0, 0.07939700782299042, 0.5552589893341064, 0.0, 0.5117068290710449, 1.2087013721466064, 0.5098574161529541, 0.5246155261993408, 0.0, 0.1834876388311386, 0.0, 0.0, 0.0, 0.5385321974754333, 0.2391384094953537, 0.0, 0.7224968671798706, 0.0, 0.26293155550956726, 1.0783665180206299, 0.0009641582728363574, 0.0, 0.42472222447395325, 0.0001998992229346186, 0.0, 0.4746794104576111, 0.41458660364151, 0.06553847342729568, 0.0, 0.17312946915626526, 0.0, 1.574780821800232, 0.0, 0.0, 0.39647749066352844, 0.2627308666706085, 0.03764960542321205, 0.9983317255973816, 0.6200306415557861, 0.0, 1.3537018299102783, 0.5941746234893799, 0.0, 0.0, 0.0, 1.4388245344161987, 1.5102589130401611, 0.1556008756160736, 0.46301886439323425, 0.8764714598655701, 0.0, 0.0, 0.0, 0.0, 0.42551830410957336, 0.5588244795799255, 0.0, 0.3071998655796051, 1.2194610834121704, 0.06564385443925858, 1.0413137674331665, 0.0, 0.7645189762115479, 1.5078232288360596, 0.15393638610839844, 0.0, 0.0, 0.06492579728364944, 0.0, 0.0, 0.0, 0.7780546545982361, 0.33700454235076904, 0.0, 1.0526703596115112, 0.0, 0.0, 0.019409988075494766, 0.9901963472366333, 0.5166276097297668, 0.0, 0.0, 0.5787285566329956, 1.4712868928909302, 2.491156816482544, 0.520867645740509, 0.0, 0.604136049747467, 0.4566689133644104, 0.1592002958059311, 0.0, 0.0, 0.0, 0.6660036444664001, 0.0, 0.0, 1.4312843084335327, 0.01767309010028839, 0.0, 0.003974216524511576, 0.8737856149673462, 0.0, 1.958373785018921, 0.05292689427733421, 0.08727933466434479, 1.063441514968872, 0.15922091901302338, 0.0, 0.0, 0.0, 0.9530056715011597, 0.11751412600278854, 0.0, 0.0047655790112912655, 0.13290660083293915, 1.9223085641860962, 1.6281827688217163, 0.5627848505973816, 0.0035537434741854668, 1.0291991233825684, 0.14937950670719147, 1.0529255867004395, 0.0, 0.09619301557540894, 0.4646535813808441, 1.4101358652114868, 0.19646447896957397, 0.906832754611969, 0.0, 0.985046923160553, 0.0, 0.00010106630361406133, 0.004783955868333578, 0.60286545753479, 0.0014789918204769492, 0.0003246721753384918, 0.8713443279266357, 1.8933309316635132, 0.0, 0.0, 0.0, 0.0006954126292839646, 0.0, 0.020729554817080498, 0.0, 1.1921578645706177, 0.0, 0.0023708073422312737, 0.4861772060394287, 1.3679238557815552, 0.0, 0.0, 0.7684495449066162, 0.0, 0.3335062563419342, 0.3645791709423065, 0.0, 0.0, 0.0, 0.0, 0.0, 0.0, 1.391373872756958, 0.0, 0.3471028506755829, 0.0, 1.2449990510940552, 0.4620329737663269, 0.3422035872936249, 0.0012688257265836, 0.0, 0.00155715923756361, 0.7467872500419617, 0.0, 0.013871337287127972, 0.0, 0.0022821230813860893, 0.0, 0.0, 0.29504191875457764, 0.3215756118297577, 0.0, 0.7157992720603943, 0.14197522401809692]"
,"[0.0, 0.0, 0.641116201877594, 0.7581303119659424, 1.4770759344100952, 0.0, 0.0, 0.2131495475769043, 0.0, 0.4520002603530884, 0.6034117937088013, 0.3396596610546112, 1.087873935699463, 0.0, 0.05979592725634575, 0.0002922053972724825, 0.0, 0.0, 0.6031211614608765, 0.0, 1.181077480316162, 1.524112343788147, 0.0, 0.0, 0.009041129611432552, 0.0, 0.0, 0.0, 0.3997337222099304, 0.14726220071315765, 0.9726278781890869, 0.0, 0.0, 0.0, 0.0, 0.0, 0.0, 1.089735746383667, 0.9089900851249695, 0.0, 0.0, 0.1951700747013092, 0.8714298605918884, 0.4479680359363556, 0.0, 0.10501864552497864, 0.5531069040298462, 0.0, 0.0, 0.0, 1.8357832431793213, 2.3357067108154297, 0.1706620305776596, 0.32516804337501526, 0.0, 0.0, 0.2049744576215744, 0.0, 1.080285668373108, 0.21337196230888367, 0.0, 1.5214519500732422, 1.5263265371322632, 0.0, 0.8508456349372864, 1.8137693405151367, 1.0148301124572754, 1.3256657123565674, 0.00015607438399456441, 0.38296806812286377, 0.0, 0.6680285930633545, 0.0, 0.14554408192634583, 0.611091673374176, 0.0, 0.5199435353279114, 1.1780012845993042, 0.4819714426994324, 0.4625352621078491, 0.0, 0.16865479946136475, 0.0, 0.0, 0.0, 0.5422656536102295, 0.21735438704490662, 0.0, 0.836850106716156, 0.0, 0.31086233258247375, 1.0543347597122192, 0.0, 0.0, 0.43164753913879395, 0.001216862816363573, 0.0, 0.41765499114990234, 0.34861278533935547, 0.019047992303967476, 0.0, 0.16917784512043, 0.0, 1.5762745141983032, 0.0, 0.0, 0.3754013478755951, 0.28600195050239563, 0.013973033055663109, 1.0261352062225342, 0.5873664617538452, 0.0, 1.2182292938232422, 0.5822779536247253, 0.0, 0.0, 0.0, 1.4566913843154907, 1.3585811853408813, 0.24723421037197113, 0.4572553038597107, 0.864269495010376, 0.0, 0.0, 0.0, 0.0, 0.40204736590385437, 0.6168180108070374, 0.0, 0.2843327522277832, 1.1251859664916992, 0.035100534558296204, 1.0732585191726685, 0.0, 0.7366254925727844, 1.48686683177948, 0.17034275829792023, 0.0, 0.0, 0.02127998322248459, 0.0, 0.0, 0.0, 0.8473715782165527, 0.33849960565567017, 0.0, 1.1493185758590698, 0.0, 0.0, 0.007521145977079868, 1.0356040000915527, 0.5023971796035767, 0.0, 0.0, 0.5325713753700256, 1.4211692810058594, 2.428696870803833, 0.3687727749347687, 0.0, 0.5761529207229614, 0.405504047870636, 0.1210126131772995, 0.0, 0.0, 0.0, 0.6144283413887024, 0.0, 0.0, 1.5076539516448975, 0.04609673097729683, 0.0, 3.0319690267788246e-05, 0.809631884098053, 0.0, 1.9151755571365356, 0.07420821487903595, 0.10187093913555145, 1.1373709440231323, 0.21476943790912628, 0.0, 0.0, 0.0, 0.9609631299972534, 0.17996321618556976, 0.0, 0.00023618474369868636, 0.20141316950321198, 1.940642237663269, 1.599057674407959, 0.6002753973007202, 0.0030440909322351217, 1.0163016319274902, 0.15585440397262573, 1.0850895643234253, 0.0, 0.04693607985973358, 0.523818850517273, 1.3164783716201782, 0.2311141937971115, 0.9265011548995972, 0.0, 0.8628450632095337, 0.0, 0.0013244581641629338, 0.0, 0.52162766456604, 0.0, 0.0, 0.7965694665908813, 1.9104430675506592, 0.0, 0.0, 0.0, 0.0, 0.0, 0.007029893342405558, 0.0, 1.2451539039611816, 0.0, 0.0, 0.42847076058387756, 1.3095130920410156, 0.0, 0.0, 0.660182774066925, 0.0, 0.33402296900749207, 0.3362712562084198, 0.0, 0.0, 0.0, 0.0, 0.0, 0.0, 1.5079758167266846, 0.0, 0.31376487016677856, 0.0, 1.1405298709869385, 0.5197442173957825, 0.3963526785373688, 7.72247676650295e-06, 0.0, 0.0036675301380455494, 0.7048268914222717, 0.0, 0.01931602507829666, 0.0, 0.0, 0.0, 0.0, 0.2758188247680664, 0.32425549626350403, 0.0, 0.7836808562278748, 0.12477356195449829]"
,"[0.0, 0.0, 0.8314477205276489, 0.6983839869499207, 1.582015872001648, 0.0, 0.0, 0.3562554717063904, 0.0, 0.2426021844148636, 0.6026480793952942, 0.23183202743530273, 1.2905242443084717, 0.0, 0.29809099435806274, 0.02147543989121914, 0.0, 0.0, 0.5151064395904541, 0.0, 0.9285337328910828, 1.5274357795715332, 0.0, 0.0, 0.01885368674993515, 0.0, 0.0, 0.00027591895195655525, 0.5050081014633179, 0.1339655965566635, 0.4624142348766327, 0.0, 0.0, 0.05353036895394325, 0.0, 0.0, 0.0, 0.6880189776420593, 0.7770342826843262, 0.0, 0.0, 0.12312662601470947, 0.6473877429962158, 0.5419521331787109, 0.0, 0.10038087517023087, 0.4607880711555481, 0.0, 0.0, 0.0, 1.6288650035858154, 2.065208911895752, 0.1576671451330185, 0.2814854383468628, 0.0, 0.0, 0.0391571931540966, 0.0003872681700158864, 1.1063835620880127, 0.3591943085193634, 0.0, 1.048221468925476, 1.3740452527999878, 0.0, 0.623373806476593, 1.7074757814407349, 1.046099305152893, 1.4238789081573486, 0.00014754380390513688, 0.1408957988023758, 0.0, 0.5846794247627258, 0.0, 0.046576377004384995, 0.44961512088775635, 0.0, 0.34328728914260864, 1.2541853189468384, 0.5838541388511658, 0.6219221949577332, 0.0, 0.1729741394519806, 0.008618476800620556, 0.0, 0.0009016768890433013, 0.5321199297904968, 0.35713115334510803, 0.0, 0.5225654244422913, 0.0, 0.14153459668159485, 1.1434053182601929, 0.01947888918220997, 0.000881263695191592, 0.4013274312019348, 0.0007788939401507378, 0.0, 0.4971941113471985, 0.43142929673194885, 0.34226980805397034, 0.0, 0.11227967590093613, 0.0, 1.4613412618637085, 0.0, 0.0, 0.48131969571113586, 0.1280842274427414, 0.23688723146915436, 0.7496545910835266, 0.7135778665542603, 0.0, 1.5976765155792236, 0.48242253065109253, 0.0, 0.0020833814051002264, 0.0, 1.3144166469573975, 1.790932059288025, 0.06821636110544205, 0.5452877879142761, 0.8142885565757751, 0.0, 0.0, 0.0, 0.0, 0.5247696042060852, 0.431629478931427, 0.0, 0.43295949697494507, 1.42467200756073, 0.11712396889925003, 0.8404959440231323, 0.0, 0.8240129351615906, 1.5388526916503906, 0.1564454436302185, 0.006721789948642254, 0.0001209018228109926, 0.29243120551109314, 0.0, 0.0, 0.0, 0.4538151025772095, 0.3120810091495514, 0.0, 0.6987301111221313, 0.0, 0.01938776671886444, 0.05570603534579277, 0.760604202747345, 0.4893302917480469, 0.0, 0.0, 0.6865295171737671, 1.4562245607376099, 2.5652916431427, 0.8637762665748596, 0.0, 0.5931856036186218, 0.520674467086792, 0.23880386352539062, 0.0, 0.006385051645338535, 0.0, 0.6379998326301575, 0.0, 6.20139908278361e-05, 1.2754069566726685, 0.005641426891088486, 0.0, 0.04194055125117302, 1.114975094795227, 0.0, 2.0772571563720703, 0.02354419231414795, 0.03288577124476433, 0.886098325252533, 0.08134143054485321, 0.0, 0.0, 0.0023765137884765863, 0.8744849562644958, 0.07684536278247833, 0.0, 0.07041855156421661, 0.05895429104566574, 1.797990083694458, 1.4782164096832275, 0.6708440184593201, 0.009714511223137379, 0.9165162444114685, 0.2556648850440979, 0.9526616334915161, 0.0, 0.4326762855052948, 0.36023879051208496, 1.6580981016159058, 0.13879550993442535, 0.7877429723739624, 0.0, 1.3313697576522827, 0.0, 0.0003559827455319464, 0.07784141600131989, 0.7785066366195679, 0.01974218152463436, 0.013069752603769302, 0.9743462204933167, 1.5329475402832031, 7.787430513417348e-05, 0.0, 0.003514939919114113, 0.00966412853449583, 0.0, 0.12010455876588821, 0.0, 1.1102854013442993, 0.0, 0.04888204485177994, 0.5912420153617859, 1.5350711345672607, 0.0, 0.0, 0.9457240700721741, 0.0, 0.2206142097711563, 0.37657323479652405, 0.0, 0.0, 0.0, 0.0, 0.0, 0.0, 1.0651144981384277, 0.0, 0.6297141313552856, 0.0, 1.3902297019958496, 0.3931903541088104, 0.2162274867296219, 0.008741757832467556, 0.00883546657860279, 0.0013429929967969656, 0.7711736559867859, 0.0, 0.0028264466673135757, 0.0, 0.07378304749727249, 0.0, 0.0, 0.3469993472099304, 0.21690286695957184, 0.0, 0.5692188739776611, 0.2915770709514618]"
,"[0.0, 0.0, 0.7043097019195557, 0.7818951606750488, 1.518075704574585, 0.0, 0.0, 0.3054681420326233, 0.0, 0.4334958791732788, 0.6002807021141052, 0.30708301067352295, 1.093499779701233, 0.0, 0.0560302659869194, 0.0027650489937514067, 0.0, 0.0, 0.5833246111869812, 0.0, 1.126121163368225, 1.5036298036575317, 0.0, 0.0, 0.02755318395793438, 0.0, 0.0, 0.0005541082937270403, 0.46272897720336914, 0.14635932445526123, 0.963489294052124, 0.0, 0.0, 0.0052273888140916824, 0.0, 0.0, 0.0, 1.044874668121338, 0.903182864189148, 0.0, 0.0, 0.173127219080925, 0.8289623260498047, 0.4686066210269928, 0.0, 0.1420057862997055, 0.6157277226448059, 0.0, 0.0, 0.0, 1.8070169687271118, 2.3190855979919434, 0.1497012972831726, 0.35450586676597595, 0.0, 0.0, 0.11837881803512573, 0.0, 1.1008371114730835, 0.2362973988056183, 0.0, 1.4753471612930298, 1.5207836627960205, 0.0, 0.9221168756484985, 1.8328160047531128, 1.1035856008529663, 1.4098902940750122, 0.0, 0.3544054925441742, 0.0, 0.7005971670150757, 0.0, 0.1019018366932869, 0.6127727031707764, 0.0, 0.5954076051712036, 1.1952403783798218, 0.4918544590473175, 0.4863772988319397, 0.0, 0.15797342360019684, 0.0014898610534146428, 0.0, 4.9432095693191513e-05, 0.5393581390380859, 0.21550919115543365, 0.0, 0.772368311882019, 0.0, 0.28963080048561096, 1.05943763256073, 0.0015862224390730262, 0.0015229753917083144, 0.43635421991348267, 0.0024383433628827333, 0.0, 0.4894956052303314, 0.3957064747810364, 0.024216391146183014, 0.0, 0.19891151785850525, 0.0, 1.5838474035263062, 0.0, 0.0, 0.3604031503200531, 0.28794562816619873, 0.02548486739397049, 1.0233455896377563, 0.5979642868041992, 0.0, 1.3173905611038208, 0.6159396767616272, 0.0, 0.00434070685878396, 0.0, 1.4506396055221558, 1.4455208778381348, 0.19342149794101715, 0.45550596714019775, 0.912544846534729, 0.0, 0.0, 0.0, 0.0, 0.41140255331993103, 0.5919715762138367, 0.0, 0.24604937434196472, 1.1869088411331177, 0.07858920842409134, 1.0845165252685547, 0.0, 0.7747521996498108, 1.475113034248352, 0.16592472791671753, 0.003600329626351595, 0.0, 0.024091217666864395, 0.0, 0.0, 0.0, 0.8850817084312439, 0.3211934268474579, 0.0, 1.1330928802490234, 0.0, 8.551299833925441e-05, 0.025280479341745377, 1.0394344329833984, 0.537244439125061, 0.0, 0.0, 0.5602714419364929, 1.465815782546997, 2.473053216934204, 0.4493737816810608, 0.0, 0.5801661610603333, 0.4575065076351166, 0.13027940690517426, 0.0, 0.00021027524780947715, 0.0, 0.6813151240348816, 0.0003533121489454061, 0.0032806778326630592, 1.4630845785140991, 0.014068612828850746, 0.0, 0.0032147716265171766, 0.8083516955375671, 0.0, 1.9330133199691772, 0.06366331875324249, 0.10378549247980118, 1.1034855842590332, 0.1710660457611084, 0.0, 0.0, 0.0, 0.9704751372337341, 0.1378764659166336, 0.0, 3.170415584463626e-05, 0.16313070058822632, 1.9504956007003784, 1.6504188776016235, 0.5398715734481812, 0.0008223942131735384, 1.0318713188171387, 0.14118976891040802, 1.0850167274475098, 0.0, 0.0445377416908741, 0.5035815238952637, 1.3847659826278687, 0.21652895212173462, 0.9351596832275391, 0.0, 0.8804351687431335, 0.0, 1.2808392057195306e-05, 0.007063368801027536, 0.5831404328346252, 0.0, 0.002488540718331933, 0.846733033657074, 1.9797074794769287, 0.0, 0.0, 0.0, 0.0008176220580935478, 0.0, 0.012575224041938782, 0.0, 1.186246395111084, 0.0, 0.006432206369936466, 0.47536635398864746, 1.3528140783309937, 0.0, 0.0, 0.7031705379486084, 0.0, 0.36185669898986816, 0.3565702438354492, 0.0, 0.0004933775635436177, 0.0, 0.0, 0.0, 0.0, 1.4585766792297363, 0.0, 0.2746206820011139, 0.0, 1.217484474182129, 0.48433512449264526, 0.3966987729072571, 8.375415927730501e-05, 2.347635745536536e-05, 0.0, 0.7409735321998596, 0.0, 0.010142417624592781, 0.0, 0.011686625890433788, 0.0, 0.0, 0.26924076676368713, 0.3467973470687866, 0.0, 0.7275132536888123, 0.09100140631198883]"
,"[0.0, 0.0, 0.6229940056800842, 0.7741609811782837, 1.4713339805603027, 0.0, 0.0, 0.221093088388443, 0.0, 0.4835403561592102, 0.5907397270202637, 0.3393580913543701, 1.0831915140151978, 0.0, 0.050179049372673035, 0.003753060009330511, 0.0, 0.0, 0.6074991226196289, 0.0, 1.1726114749908447, 1.5088229179382324, 0.0, 0.0, 0.002503605792298913, 0.0, 0.0, 0.0030312323942780495, 0.41171690821647644, 0.13688603043556213, 1.0114489793777466, 0.0, 0.0, 6.660372037003981e-06, 0.0, 0.0, 0.0, 1.114866852760315, 0.8961806297302246, 0.0, 0.0, 0.18127243220806122, 0.8921841382980347, 0.44102269411087036, 0.0, 0.10660691559314728, 0.574907124042511, 0.0, 0.0, 0.0, 1.840444564819336, 2.3269784450531006, 0.17086195945739746, 0.343211829662323, 0.0, 0.0, 0.17859508097171783, 0.0, 1.0855703353881836, 0.19955222308635712, 0.0, 1.5471599102020264, 1.5481773614883423, 0.0, 0.8793111443519592, 1.821994662284851, 1.0341159105300903, 1.316703200340271, 0.0015434938250109553, 0.4052788317203522, 0.0, 0.6891859173774719, 0.0, 0.13596102595329285, 0.6234035491943359, 0.0, 0.5447304844856262, 1.1716572046279907, 0.46346965432167053, 0.46363213658332825, 0.0, 0.1459294855594635, 0.0, 0.0, 0.0, 0.5392287969589233, 0.18980787694454193, 0.0, 0.8675322532653809, 0.0, 0.31014159321784973, 1.0329922437667847, 0.0, 0.0, 0.44997096061706543, 0.005363249685615301, 0.0, 0.4204346537590027, 0.33778056502342224, 0.0038756057620048523, 0.0, 0.16113851964473724, 2.018830127781257e-05, 1.5809495449066162, 0.0, 0.0, 0.365850031375885, 0.2828744351863861, 0.007174206431955099, 1.033679723739624, 0.5815150737762451, 0.0, 1.2122390270233154, 0.5804600119590759, 0.0, 0.0, 0.0, 1.4623582363128662, 1.347019076347351, 0.23457588255405426, 0.4547964334487915, 0.9008430242538452, 0.0, 0.0, 0.0, 0.0, 0.39210763573646545, 0.631821870803833, 0.0, 0.26233839988708496, 1.1170196533203125, 0.040643271058797836, 1.1104334592819214, 0.0, 0.7299533486366272, 1.4512685537338257, 0.16825468838214874, 0.0, 0.0, 0.007875639945268631, 0.0, 0.0, 0.0, 0.8907544016838074, 0.30670255422592163, 0.0, 1.1918654441833496, 0.0, 0.0, 0.008895990438759327, 1.0411194562911987, 0.5100168585777283, 0.0, 0.0, 0.5233829021453857, 1.427557110786438, 2.4168097972869873, 0.346556156873703, 0.0, 0.5802643895149231, 0.4133581221103668, 0.12800979614257812, 0.0, 0.0, 0.0, 0.6112304925918579, 0.0006719884113408625, 0.0, 1.5150028467178345, 0.023162351921200752, 0.0, 2.353265881538391e-05, 0.7863816618919373, 0.0, 1.9066047668457031, 0.06671451032161713, 0.10562251508235931, 1.1256487369537354, 0.21900349855422974, 0.0, 0.0, 0.0, 0.9793656468391418, 0.18076002597808838, 0.0, 0.0, 0.1986674815416336, 1.957666277885437, 1.6274560689926147, 0.5914347767829895, 0.0, 1.0077238082885742, 0.14396294951438904, 1.0883231163024902, 0.0, 0.020455799996852875, 0.5336583256721497, 1.3110675811767578, 0.22299432754516602, 0.9397706985473633, 0.0, 0.8336352109909058, 0.0, 0.0009118338348343968, 0.0, 0.5155223608016968, 0.0, 0.0, 0.759131133556366, 1.942535638809204, 0.0, 0.0, 0.0, 0.0, 0.0, 0.002766056451946497, 0.0, 1.2368252277374268, 0.0, 0.0, 0.43035975098609924, 1.3128280639648438, 0.0, 0.0, 0.6722948551177979, 0.0, 0.3577071726322174, 0.3337516188621521, 0.0, 0.0, 0.0, 0.0, 0.0, 0.0, 1.518943190574646, 0.0, 0.28253668546676636, 0.0, 1.1283462047576904, 0.5225695371627808, 0.42283856868743896, 0.0, 0.0, 0.0032786568626761436, 0.7007749080657959, 0.0, 0.0173911415040493, 0.0, 0.0, 0.0, 0.0, 0.2926335036754608, 0.3355560004711151, 0.0, 0.7765050530433655, 0.09932386130094528]"
,"[0.0, 0.0, 0.9330049753189087, 0.6649627089500427, 1.5836834907531738, 0.0, 0.0, 0.3004488945007324, 0.0, 0.10231611132621765, 0.6628758907318115, 0.15361636877059937, 1.4343584775924683, 0.0, 0.6507083773612976, 0.0334976464509964, 0.0, 0.0, 0.5431963801383972, 0.0, 0.6804180145263672, 1.425811767578125, 0.0, 0.0, 0.00444965111091733, 0.0, 0.0, 0.011174329556524754, 0.5769108533859253, 0.09953716397285461, 0.16452114284038544, 0.0, 0.0, 0.05186564847826958, 0.0, 0.0, 0.0, 0.536301851272583, 0.5694519877433777, 0.0, 0.0, 0.07719972729682922, 0.5685949325561523, 0.641629695892334, 0.0007928216364234686, 0.03917821869254112, 0.2312776744365692, 0.011700906790792942, 0.0, 0.0008986075990833342, 1.304418683052063, 1.905924677848816, 0.19318647682666779, 0.3388817608356476, 0.0, 0.0, 0.004555219784379005, 0.03284747898578644, 1.1690094470977783, 0.41275447607040405, 0.0, 0.7824784517288208, 1.1727814674377441, 0.0, 0.29198142886161804, 1.7030763626098633, 0.8171713352203369, 1.462125301361084, 0.0, 0.02325260452926159, 0.0, 0.24810709059238434, 0.0, 0.004802603740245104, 0.17334051430225372, 0.0, 0.10764925926923752, 1.2650725841522217, 0.7092886567115784, 0.769970715045929, 0.013221727684140205, 0.2895687520503998, 0.11479967832565308, 0.005410297773778439, 0.007442896254360676, 0.6591350436210632, 0.3607363998889923, 0.0, 0.3061162233352661, 0.0, 0.10589878261089325, 1.2918024063110352, 0.018048031255602837, 7.998986984603107e-05, 0.4198463559150696, 0.0, 0.0, 0.4807300865650177, 0.5123819708824158, 0.6464012861251831, 0.0, 0.045232463628053665, 0.0, 1.3686896562576294, 0.0, 0.0, 0.6882360577583313, 0.04766879230737686, 0.41994696855545044, 0.6306522488594055, 0.9190519452095032, 0.0, 1.6637719869613647, 0.3164411783218384, 0.00020839294302277267, 0.11598973721265793, 0.0, 1.3869045972824097, 1.9853953123092651, 0.027187244966626167, 0.6017477512359619, 0.7066043615341187, 0.0, 0.0011471478501334786, 0.0, 0.0, 0.3982049524784088, 0.47827672958374023, 0.0, 0.5251471996307373, 1.686921238899231, 0.22741961479187012, 0.7936902046203613, 0.0, 0.6915888786315918, 1.567578911781311, 0.13186956942081451, 0.021726863458752632, 0.03945806995034218, 0.7063002586364746, 0.0, 0.0, 0.0, 0.14879830181598663, 0.35205450654029846, 0.0, 0.35364246368408203, 0.0, 0.01283865887671709, 0.0967944860458374, 0.4016368091106415, 0.43290242552757263, 0.0, 0.0, 0.745593249797821, 1.606325387954712, 2.6432530879974365, 1.0271236896514893, 0.0, 0.6861926317214966, 0.5343271493911743, 0.33516716957092285, 0.0, 0.0028674157802015543, 0.0, 0.6187711358070374, 0.0, 0.07160293310880661, 1.0923490524291992, 0.0, 0.0, 0.007352970540523529, 1.4351716041564941, 0.0, 2.315824508666992, 0.018536601215600967, 0.0038745668716728687, 0.7288920879364014, 0.11364846676588058, 0.020755382254719734, 0.0, 0.0005695531144738197, 0.9259041547775269, 0.24248699843883514, 0.0, 0.052849140018224716, 0.008038842119276524, 1.5793098211288452, 1.2925870418548584, 0.8687636256217957, 0.13228647410869598, 0.7751994132995605, 0.4411328136920929, 0.8511918783187866, 0.0, 0.9064896702766418, 0.12146428227424622, 1.8549156188964844, 0.05995424836874008, 0.6621689200401306, 0.0, 2.0020177364349365, 0.00011055449431296438, 0.0, 0.1508442908525467, 0.7625844478607178, 0.06043802201747894, 0.09906849265098572, 0.8609120845794678, 1.0605900287628174, 0.0, 0.0, 0.0008699214668013155, 0.0, 0.0, 0.2895452678203583, 0.0, 1.083614706993103, 0.0, 0.07262851297855377, 0.6740314364433289, 1.7974790334701538, 0.0, 0.0, 1.1454867124557495, 0.0, 0.14863422513008118, 0.31536558270454407, 0.0, 0.11789938807487488, 0.0, 0.0, 0.0, 0.0, 1.0500061511993408, 0.0, 1.1015198230743408, 0.0, 1.3899919986724854, 0.29102322459220886, 0.09309384226799011, 0.05917436629533768, 0.0, 2.2937854737392627e-05, 0.816878080368042, 0.0, 0.0, 0.0, 0.23401117324829102, 0.0, 0.0, 0.45977458357810974, 0.13185152411460876, 0.0, 0.5005027055740356, 0.6064890623092651]"
,"[0.0, 0.0, 0.718375563621521, 0.7650211453437805, 1.5974034070968628, 0.0, 0.0, 0.31111806631088257, 0.0, 0.3893241286277771, 0.6079195737838745, 0.28090810775756836, 1.1545329093933105, 0.0, 0.13452905416488647, 0.009026520885527134, 0.0, 0.0, 0.5746312737464905, 0.0, 1.1067613363265991, 1.5017014741897583, 0.0, 0.0, 0.016531750559806824, 0.0, 0.0, 0.0004114116309210658, 0.49231475591659546, 0.17451359331607819, 0.8712462186813354, 0.0, 0.0, 0.02413409948348999, 0.0, 0.0, 0.0, 0.9252863526344299, 0.900838315486908, 0.0, 0.0, 0.17264334857463837, 0.7687227129936218, 0.5002726912498474, 0.0013188249431550503, 0.13757900893688202, 0.5824270844459534, 3.54510557372123e-05, 0.0, 0.0, 1.7633339166641235, 2.2693116664886475, 0.11949791014194489, 0.30606406927108765, 0.0, 0.0, 0.10331545025110245, 0.004751644097268581, 1.1204874515533447, 0.2937200367450714, 0.0, 1.3366721868515015, 1.4285569190979004, 0.0, 0.8314356207847595, 1.7970178127288818, 1.1043390035629272, 1.4061115980148315, 0.00017665093764662743, 0.2990598678588867, 0.0, 0.6855180263519287, 0.0, 0.10399600863456726, 0.5800663828849792, 0.0, 0.5424556136131287, 1.2287862300872803, 0.5199547410011292, 0.5419948101043701, 0.0, 0.15646527707576752, 0.008684922009706497, 0.0009394750813953578, 0.000244307768298313, 0.551815927028656, 0.2315298467874527, 0.0, 0.6983267068862915, 0.0, 0.24266041815280914, 1.0861021280288696, 0.012785610742866993, 0.00047643776633776724, 0.4167332351207733, 0.0044914670288562775, 0.0, 0.48473429679870605, 0.4215664267539978, 0.11651886999607086, 0.0, 0.19451561570167542, 0.0, 1.5347892045974731, 0.0, 0.0, 0.37729695439338684, 0.23389071226119995, 0.08680827170610428, 0.9522610306739807, 0.6238840818405151, 0.0, 1.409137487411499, 0.5832963585853577, 0.002592705190181732, 0.006030482240021229, 0.0, 1.4055956602096558, 1.5744438171386719, 0.13703319430351257, 0.4709860682487488, 0.892374575138092, 0.0, 0.0, 0.0, 0.0, 0.4696120619773865, 0.5530574917793274, 0.0, 0.3263183534145355, 1.246311068534851, 0.04526057094335556, 1.0040446519851685, 0.0, 0.8072969317436218, 1.4913872480392456, 0.14719505608081818, 0.005322289653122425, 0.0015859454870224, 0.09851470589637756, 0.0, 0.0, 0.0, 0.7667274475097656, 0.31058982014656067, 0.0, 0.9655489325523376, 0.0, 0.008779209107160568, 0.04459696263074875, 0.9631739258766174, 0.527940034866333, 0.0, 0.0, 0.6172817349433899, 1.421822428703308, 2.509709358215332, 0.5991237759590149, 0.0, 0.5983215570449829, 0.5011304616928101, 0.16585589945316315, 0.0, 0.006051499862223864, 0.0, 0.6689789295196533, 0.0027903385926038027, 0.0034674794878810644, 1.4102675914764404, 0.004938531666994095, 0.0, 0.009305463172495365, 0.9174791574478149, 0.0, 1.962549090385437, 0.04762217029929161, 0.08253774046897888, 1.068373680114746, 0.1358424872159958, 0.005020489916205406, 0.0, 0.001160066924057901, 0.9398695826530457, 0.118184395134449, 0.0, 0.03312365710735321, 0.13356229662895203, 1.901567816734314, 1.591237187385559, 0.5635519623756409, 0.00915683526545763, 1.0169771909713745, 0.17358984053134918, 1.044632077217102, 0.0, 0.16691476106643677, 0.48324477672576904, 1.4781221151351929, 0.2131434977054596, 0.899928867816925, 0.0, 1.0343009233474731, 0.0, 0.001501535763964057, 0.033927250653505325, 0.6662806272506714, 0.013915818184614182, 0.00876303855329752, 0.9009833931922913, 1.8368581533432007, 0.0, 0.0, 0.0, 0.004581124056130648, 0.0, 0.050589896738529205, 0.0, 1.1602696180343628, 0.0, 0.02767476625740528, 0.5022779107093811, 1.4022612571716309, 0.0, 0.0, 0.7386803030967712, 0.0, 0.2886755168437958, 0.35395383834838867, 0.0, 0.00015083496691659093, 0.0, 0.0, 0.0, 0.0, 1.3246082067489624, 0.0, 0.38000938296318054, 0.0, 1.3125311136245728, 0.466590017080307, 0.3688790798187256, 0.009552664123475552, 0.007248408626765013, 0.0035937109496444464, 0.7296807765960693, 0.0, 0.005026211030781269, 0.0, 0.03445758670568466, 0.0, 0.0, 0.3018324673175812, 0.30500492453575134, 0.0, 0.6735629439353943, 0.1529848575592041]"
,"[0.0, 0.0, 0.6996789574623108, 0.7872017025947571, 1.5533126592636108, 0.0, 0.0, 0.3217839002609253, 0.0, 0.4776786267757416, 0.5896556973457336, 0.3234201669692993, 1.053308367729187, 0.0, 0.024961598217487335, 0.006411000154912472, 0.0, 0.0, 0.6044836640357971, 0.0, 1.1160571575164795, 1.476428508758545, 0.0, 0.0, 0.052467335015535355, 0.0, 0.0, 0.0006005876348353922, 0.4988369345664978, 0.16864526271820068, 1.0947068929672241, 0.0, 0.0, 0.00025718050892464817, 0.0, 0.0, 0.0, 1.0785815715789795, 0.8926751613616943, 0.0, 0.0, 0.16975495219230652, 0.8395096063613892, 0.4873845875263214, 0.0, 0.08123770356178284, 0.6240076422691345, 0.0, 0.0, 0.0, 1.854183554649353, 2.3008179664611816, 0.16356056928634644, 0.3574572205543518, 0.0, 0.0, 0.1124727874994278, 0.0, 1.134772777557373, 0.23920796811580658, 0.0, 1.4955089092254639, 1.5493217706680298, 0.0, 0.9546143412590027, 1.8708237409591675, 1.1520591974258423, 1.4818998575210571, 0.0022837212309241295, 0.4256970286369324, 0.0, 0.7981675863265991, 0.0, 0.07790133357048035, 0.6882261037826538, 0.0, 0.6869561076164246, 1.210695743560791, 0.475516140460968, 0.4776412546634674, 0.0, 0.14879125356674194, 0.0, 0.0, 0.0, 0.5134889483451843, 0.1450570970773697, 0.0, 0.8239492177963257, 0.0, 0.2803868353366852, 1.0188344717025757, 0.0, 0.0, 0.4189682602882385, 0.026199880987405777, 0.0, 0.49621352553367615, 0.44033366441726685, 0.000517548352945596, 0.0, 0.21244151890277863, 0.0, 1.5691815614700317, 0.0, 0.0, 0.314437597990036, 0.2613508105278015, 0.007968311198055744, 1.046129822731018, 0.5717639923095703, 0.0, 1.3174179792404175, 0.6426693201065063, 0.0, 0.0, 0.0, 1.462945818901062, 1.4298522472381592, 0.15248502790927887, 0.45839712023735046, 0.9398916363716125, 0.0, 0.0, 0.0, 0.0, 0.44696539640426636, 0.5922236442565918, 0.0, 0.24194444715976715, 1.1314969062805176, 0.056031037122011185, 1.159830093383789, 0.0, 0.7672613263130188, 1.4109998941421509, 0.16541177034378052, 0.0, 0.0, 0.0035798419266939163, 0.0, 0.0, 0.0, 0.96768718957901, 0.28766509890556335, 0.0, 1.1494195461273193, 0.0, 0.0, 0.0494576096534729, 1.1194114685058594, 0.5627832412719727, 0.0, 0.0, 0.5467343330383301, 1.4319871664047241, 2.4875383377075195, 0.4467541575431824, 0.0, 0.6049351096153259, 0.493146151304245, 0.10365359485149384, 0.0, 0.00048183472245000303, 0.0, 0.6514546871185303, 0.00014411851589102298, 0.0, 1.5271841287612915, 0.014470990747213364, 0.0, 0.0, 0.7909777164459229, 0.0, 1.8727480173110962, 0.03144126012921333, 0.14429958164691925, 1.093470573425293, 0.17070461809635162, 0.0, 0.0, 0.0, 0.9909813404083252, 0.1012042835354805, 0.0, 0.001574454945512116, 0.15944430232048035, 2.0473268032073975, 1.7103989124298096, 0.4609193801879883, 0.0, 1.0721842050552368, 0.11239026486873627, 1.0733473300933838, 0.0, 0.01130188349634409, 0.5617280602455139, 1.401808500289917, 0.22525176405906677, 0.9734859466552734, 0.0, 0.8291460871696472, 0.0, 0.00452814344316721, 0.0017326429951936007, 0.6774373054504395, 0.00044824639917351305, 0.0, 0.810917317867279, 2.0479230880737305, 0.0, 0.004454825539141893, 0.0009406227036379278, 0.004145470447838306, 0.0, 0.00785103440284729, 0.0, 1.1745444536209106, 0.0, 0.006706388667225838, 0.4240247309207916, 1.3346753120422363, 0.0, 0.0, 0.6798862218856812, 0.0, 0.41004106402397156, 0.32667800784111023, 0.0, 0.0, 0.0, 0.0, 0.0, 0.0, 1.4829953908920288, 0.0, 0.13733375072479248, 0.0, 1.262742280960083, 0.45397523045539856, 0.4913358688354492, 0.0002739491465035826, 0.012766431085765362, 5.912259075557813e-05, 0.69744473695755, 0.0, 0.016648132354021072, 0.0, 0.0, 0.0, 0.0, 0.3499039113521576, 0.3943687379360199, 0.0, 0.7074309587478638, 0.039339832961559296]"
